[{
  "version": "1.0",
  "image": {
    "name": "/var/www/imageconvert_usr/data/www/imageconvert.org/image/public/uploadt/logo.jpg",
    "format": "json",
    "formatDescription": "The image format and characteristics",
    "mimeType": "application/json",
    "class": "DirectClass",
    "geometry": {
      "width": 1024,
      "height": 1024,
      "x": 0,
      "y": 0
    },
    "units": "Undefined",
    "type": "TrueColor",
    "endianness": "Undefined",
    "colorspace": "sRGB",
    "depth": 8,
    "baseDepth": 8,
    "channelDepth": {
      "red": 8,
      "green": 8,
      "blue": 8
    },
    "pixels": 1048576,
    "imageStatistics": {
      "all": {
        "min": 0,
        "max": 255,
        "mean": 227.94,
        "standardDeviation": 62.4677,
        "kurtosis": 4.68569,
        "skewness": -2.50562,
        "entropy": 0.385461
      }
    },
    "channelStatistics": {
      "red": {
        "min": 0,
        "max": 255,
        "mean": 224.86,
        "standardDeviation": 75.9211,
        "kurtosis": 3.86141,
        "skewness": -2.41164,
        "entropy": 0.376198
      },
      "green": {
        "min": 2,
        "max": 255,
        "mean": 229.425,
        "standardDeviation": 58.6701,
        "kurtosis": 3.88789,
        "skewness": -2.38127,
        "entropy": 0.381303
      },
      "blue": {
        "min": 14,
        "max": 255,
        "mean": 229.535,
        "standardDeviation": 52.8118,
        "kurtosis": 3.62683,
        "skewness": -2.32879,
        "entropy": 0.398882
      }
    },
    "renderingIntent": "Perceptual",
    "gamma": 0.454545,
    "chromaticity": {
      "redPrimary": {
        "x": 0.64,
        "y": 0.33
      },
      "greenPrimary": {
        "x": 0.3,
        "y": 0.6
      },
      "bluePrimary": {
        "x": 0.15,
        "y": 0.06
      },
      "whitePrimary": {
        "x": 0.3127,
        "y": 0.329
      }
    },
    "backgroundColor": "#FFFFFF",
    "borderColor": "#DFDFDF",
    "matteColor": "#BDBDBD",
    "transparentColor": "#000000",
    "interlace": "JPEG",
    "intensity": "Undefined",
    "compose": "Over",
    "pageGeometry": {
      "width": 1024,
      "height": 1024,
      "x": 0,
      "y": 0
    },
    "dispose": "Undefined",
    "iterations": 0,
    "compression": "JPEG",
    "quality": 75,
    "orientation": "Undefined",
    "properties": {
      "comment": null,
      "date:create": "2025-08-07T17:20:35+00:00",
      "date:modify": "2025-08-07T17:20:35+00:00",
      "jpeg:colorspace": "2",
      "jpeg:sampling-factor": "2x2,1x1,1x1",
      "signature": "d5e0ed80c0b667962f48e61e97814a58066f2a41dd08983067e0580924320960"
    },
    "tainted": false,
    "filesize": "54931B",
    "numberPixels": "1.04858M",
    "pixelsPerSecond": "78.029MB",
    "userTime": "0.020u",
    "elapsedTime": "0:01.013",
    "version": "ImageMagick 6.9.11-60 Q16 x86_64 2021-01-25 https://imagemagick.org"
  }
}
]